Concentration_mM,Mean_B,Std_B
200,0.1923947557208245,0.07119723811030769
300,0.3602820043395121,0.16828614327841873
400,0.44406941197347244,0.1610180893487299
500,0.4131593032339904,0.12062184934001233
