Concentration_mM,Mean_tau_inc,Std_tau_inc
200,274.7378122100705,208.0873634828125
300,203.00222962832282,159.82657635962943
400,313.5068530144033,200.42394646695934
500,413.72340278645663,155.11258300935728
